[{
	"display_name": "Lorem ipsum",
	"slug": "lorem-ipsum",
	"description": "Lorem ipsum dolar sit amet",
	"image": "effect-logo.png"
}, {
	"display_name": "Lorem ipsum 2",
	"slug": "lorem-ipsum2",
	"description": "Lorem ipsum dolar sit amet",
	"image": "kiva-logo.png"
}, {
	"display_name": "Lorem ipsum 3",
	"slug": "lorem-ipsum3",
	"description": "Lorem ipsum dolar sit amet",
	"image": "watsi-logo.png"
}, {
	"display_name": "Lorem ipsum 4",
	"slug": "lorem-ipsum4",
	"description": "Lorem ipsum dolar sit amet",
	"image": "watsi-logo.png"
},
{
	"display_name": "Lorem ipsum 5",
	"slug": "lorem-ipsum5",
	"description": "Lorem ipsum dolar sit amet",
	"image": "watsi-logo.png"
},
{
	"display_name": "Lorem ipsum 5",
	"slug": "lorem-ipsum5",
	"description": "Lorem ipsum dolar sit amet",
	"image": "watsi-logo.png"
},
{
	"display_name": "Lorem ipsum 5",
	"slug": "lorem-ipsum5",
	"description": "Lorem ipsum dolar sit amet",
	"image": "watsi-logo.png"
},
{
	"display_name": "Lorem ipsum 5",
	"slug": "lorem-ipsum5",
	"description": "Lorem ipsum dolar sit amet",
	"image": "watsi-logo.png"
},
{
	"display_name": "Lorem ipsum 5",
	"slug": "lorem-ipsum5",
	"description": "Lorem ipsum dolar sit amet",
	"image": "watsi-logo.png"
}
]
