{
  "name": "angular-route",
  "version": "1.5.0",
  "license": "MIT",
  "main": "./angular-route.js",
  "ignore": [],
  "dependencies": {
    "angular": "1.5.0"
  },
  "homepage": "https://github.com/angular/bower-angular-route",
  "_release": "1.5.0",
  "_resolution": {
    "type": "version",
    "tag": "v1.5.0",
    "commit": "6f03a206107b3ae860ee7f7fd061db252c452903"
  },
  "_source": "git://github.com/angular/bower-angular-route.git",
  "_target": "~1.5.0",
  "_originalSource": "angular-route"
}